product_id,name,category,price
1,Involve,Baby,75.57
2,Magazine,Strategy,427.62
3,Sense,Tonight,331.57
4,That,Right,231.77
5,South,Ask,414.38
6,Deal,Represent,203.63
7,Wait,Read,358.78
8,Occur,Small,251.14
9,Good,Force,107.8
10,Certain,Police,54.59
11,Who,Fund,251.48
12,Give,Society,21.15
13,Position,Small,274.95
14,Letter,Worker,292.34
15,Visit,Expect,219.68
16,Feeling,Year,370.21
17,Outside,Concern,402.68
18,Provide,Degree,422.11
19,Rate,Over,486.24
20,Safe,Box,292.95
21,Raise,If,190.1
22,Scene,Age,235.86
23,Recent,Author,223.85
24,Record,Dog,440.43
25,Million,Open,135.75
26,Wide,Want,247.35
27,Understand,Recognize,157.63
28,Better,Sing,126.2
29,Give,Floor,257.47
30,Best,Site,334.38
31,Weight,Water,198.89
32,Number,Value,226.92
33,Whom,Check,473.5
34,Man,Case,152.61
35,Best,Forward,355.51
36,Someone,Population,232.53
37,None,Job,208.27
38,By,Support,175.6
39,Indicate,Two,249.29
40,Store,Put,281.77
41,World,Popular,215.11
42,Fight,Line,238.68
43,Whole,Word,213.28
44,Well,Very,30.6
45,Carry,Citizen,172.93
46,Career,Cause,369.92
47,Star,Middle,35.86
48,Appear,Entire,476.15
49,Father,Team,368.68
50,Thousand,Expert,73.03
